<entry xmlns="http://www.w3.org/2005/Atom" 
       xmlns:app="http://www.w3.org/2007/app"
       xmlns:cmisra="http://docs.oasis-open.org/ns/cmis/restatom/200908/" 
       xmlns:cmis="http://docs.oasis-open.org/ns/cmis/core/200908/">
   <author>
      <name>admin</name>
   </author>
   <id>ignored</id>
   <summary>Created via CMIS AtomPub</summary>
   <title>CMIS Demo</title>
   <updated>2010-02-27T15:30:39.767+01:00</updated>
   <cmisra:object>
      <cmis:properties>
         <cmis:propertyId propertyDefinitionId="cmis:objectTypeId">
            <cmis:value>cmis:folder</cmis:value>
         </cmis:propertyId>
         <cmis:propertyString propertyDefinitionId="cmis:name">
            <cmis:value>CMIS Demo</cmis:value>
         </cmis:propertyString>
      </cmis:properties>
   </cmisra:object>
</entry>