<?xml version="1.0" encoding="utf-8"?> 
<service xmlns="http://www.w3.org/2007/app" xmlns:atom="http://www.w3.org/2005/Atom" xmlns:cmisra="http://docs.oasis-open.org/ns/cmis/restatom/200908/" xmlns:cmis="http://docs.oasis-open.org/ns/cmis/core/200908/" xmlns:alf="http://www.alfresco.org">
  <workspace>
    <atom:title>Main Repository</atom:title>

    <collection href="http://localhost:8080/alfresco/service/cmis/s/workspace:SpacesStore/i/c883295b-8610-4aa8-82fe-f6f3064769a3/children"> 
      <atom:title>root collection</atom:title> 
      <cmisra:collectionType>root</cmisra:collectionType>
    </collection> 
    <collection href="http://localhost:8080/alfresco/service/cmis/types"> 
      <atom:title>type collection</atom:title> 
      <cmisra:collectionType>types</cmisra:collectionType>
    </collection>
    <collection href="http://localhost:8080/alfresco/service/cmis/checkedout"> 
      <atom:title>checkedout collection</atom:title> 
      <accept>application/atom+xml;type=entry</accept>
      <cmisra:collectionType>checkedout</cmisra:collectionType>
    </collection> 
    <collection href="http://localhost:8080/alfresco/service/cmis/unfiled"> 
      <atom:title>unfiled collection</atom:title> 
      <accept>application/atom+xml;type=entry</accept>
      <cmisra:collectionType>unfiled</cmisra:collectionType>
    </collection>
    <collection href="http://localhost:8080/alfresco/service/cmis/queries"> 
      <atom:title>query collection</atom:title> 
      <accept>application/cmisquery+xml</accept>
      <cmisra:collectionType>query</cmisra:collectionType>
    </collection>

    <atom:link title="root folder tree" type="application/cmistree+xml" rel="http://docs.oasis-open.org/ns/cmis/link/200908/foldertree" href="http://localhost:8080/alfresco/service/cmis/s/workspace:SpacesStore/i/c883295b-8610-4aa8-82fe-f6f3064769a3/tree"/>
    <atom:link title="root descendants" type="application/cmistree+xml" rel="http://docs.oasis-open.org/ns/cmis/link/200908/rootdescendants" href="http://localhost:8080/alfresco/service/cmis/s/workspace:SpacesStore/i/c883295b-8610-4aa8-82fe-f6f3064769a3/descendants"/>
    <atom:link title="type descendants" type="application/cmistree+xml" rel="http://docs.oasis-open.org/ns/cmis/link/200908/typedescendants" href="http://localhost:8080/alfresco/service/cmis/types/descendants"/>
    <atom:link title="change log entries" type="application/atom+xml;type=feed" rel="http://docs.oasis-open.org/ns/cmis/link/200908/changes" href="http://localhost:8080/alfresco/service/cmis/changes"/>

    <cmisra:repositoryInfo>
      <cmis:repositoryId>7a46cff4-d375-46a5-8303-5d07a5eed149</cmis:repositoryId>
      <cmis:repositoryName>Main Repository</cmis:repositoryName>
      <cmis:repositoryDescription></cmis:repositoryDescription>   
      <cmis:vendorName>Alfresco</cmis:vendorName> 
      <cmis:productName>Alfresco Repository (Community)</cmis:productName>
      <cmis:productVersion>3.3.0 (2765)</cmis:productVersion>
      <cmis:rootFolderId>workspace://SpacesStore/c883295b-8610-4aa8-82fe-f6f3064769a3</cmis:rootFolderId>
      <cmis:capabilities>
        <cmis:capabilityACL>manage</cmis:capabilityACL>
        <cmis:capabilityAllVersionsSearchable>false</cmis:capabilityAllVersionsSearchable>
        <cmis:capabilityChanges>none</cmis:capabilityChanges>
        <cmis:capabilityContentStreamUpdatability>anytime</cmis:capabilityContentStreamUpdatability>
        <cmis:capabilityGetDescendants>true</cmis:capabilityGetDescendants>
        <cmis:capabilityGetFolderTree>true</cmis:capabilityGetFolderTree>
        <cmis:capabilityMultifiling>true</cmis:capabilityMultifiling>
        <cmis:capabilityPWCSearchable>true</cmis:capabilityPWCSearchable>
        <cmis:capabilityPWCUpdatable>true</cmis:capabilityPWCUpdatable>
        <cmis:capabilityQuery>bothcombined</cmis:capabilityQuery>
        <cmis:capabilityRenditions>read</cmis:capabilityRenditions>
        <cmis:capabilityUnfiling>false</cmis:capabilityUnfiling>
        <cmis:capabilityVersionSpecificFiling>false</cmis:capabilityVersionSpecificFiling>
        <cmis:capabilityJoin>none</cmis:capabilityJoin>
      </cmis:capabilities> 
      <cmis:aclCapability>
        <cmis:supportedPermissions>both</cmis:supportedPermissions>
        <cmis:propagation>propagate</cmis:propagation>
        <cmis:permissions>
          <cmis:permission>{http://www.alfresco.org/model/content/1.0}cmobject.Coordinator</cmis:permission>
          <cmis:description>{http://www.alfresco.org/model/content/1.0}cmobject.Coordinator</cmis:description>
        </cmis:permissions>
        <cmis:permissions>
          <cmis:permission>{http://www.alfresco.org/model/wcmmodel/1.0}avmplaincontent.ContentManager</cmis:permission>
          <cmis:description>{http://www.alfresco.org/model/wcmmodel/1.0}avmplaincontent.ContentManager</cmis:description>
        </cmis:permissions>
        <cmis:permissions>
          <cmis:permission>{http://www.alfresco.org/model/content/1.0}cmobject.Collaborator</cmis:permission>
          <cmis:description>{http://www.alfresco.org/model/content/1.0}cmobject.Collaborator</cmis:description>
        </cmis:permissions>
        <cmis:permissions>
          <cmis:permission>{http://www.alfresco.org/model/content/1.0}folder.Collaborator</cmis:permission>
          <cmis:description>{http://www.alfresco.org/model/content/1.0}folder.Collaborator</cmis:description>
        </cmis:permissions>
        <cmis:permissions>
          <cmis:permission>{http://www.alfresco.org/model/site/1.0}site.SiteManager</cmis:permission>
          <cmis:description>{http://www.alfresco.org/model/site/1.0}site.SiteManager</cmis:description>
        </cmis:permissions>
        <cmis:permissions>
          <cmis:permission>{http://www.alfresco.org/model/wcmmodel/1.0}avmcontent.ContentPublisher</cmis:permission>
          <cmis:description>{http://www.alfresco.org/model/wcmmodel/1.0}avmcontent.ContentPublisher</cmis:description>
        </cmis:permissions>
        <cmis:permissions>
          <cmis:permission>{http://www.alfresco.org/model/wcmmodel/1.0}avmlayeredfolder.ContentManager</cmis:permission>
          <cmis:description>{http://www.alfresco.org/model/wcmmodel/1.0}avmlayeredfolder.ContentManager</cmis:description>
        </cmis:permissions>
        <cmis:permissions>
          <cmis:permission>{http://www.alfresco.org/model/system/1.0}base.CreateAssociations</cmis:permission>
          <cmis:description>{http://www.alfresco.org/model/system/1.0}base.CreateAssociations</cmis:description>
        </cmis:permissions>
        <cmis:permissions>
          <cmis:permission>{http://www.alfresco.org/model/system/1.0}base.FullControl</cmis:permission>
          <cmis:description>{http://www.alfresco.org/model/system/1.0}base.FullControl</cmis:description>
        </cmis:permissions>
        <cmis:permissions>
          <cmis:permission>{http://www.alfresco.org/model/wcmmodel/1.0}avmlayeredfolder.ContentPublisher</cmis:permission>
          <cmis:description>{http://www.alfresco.org/model/wcmmodel/1.0}avmlayeredfolder.ContentPublisher</cmis:description>
        </cmis:permissions>
        <cmis:permissions>
          <cmis:permission>{http://www.alfresco.org/model/wcmmodel/1.0}avmfolder.ContentContributor</cmis:permission>
          <cmis:description>{http://www.alfresco.org/model/wcmmodel/1.0}avmfolder.ContentContributor</cmis:description>
        </cmis:permissions>
        <cmis:permissions>
          <cmis:permission>{http://www.alfresco.org/model/wcmappmodel/1.0}webfolder.ContentReviewer</cmis:permission>
          <cmis:description>{http://www.alfresco.org/model/wcmappmodel/1.0}webfolder.ContentReviewer</cmis:description>
        </cmis:permissions>
        <cmis:permissions>
          <cmis:permission>{http://www.alfresco.org/model/wcmmodel/1.0}avmlayeredcontent.ContentPublisher</cmis:permission>
          <cmis:description>{http://www.alfresco.org/model/wcmmodel/1.0}avmlayeredcontent.ContentPublisher</cmis:description>
        </cmis:permissions>
        <cmis:permissions>
          <cmis:permission>{http://www.alfresco.org/model/content/1.0}content.Editor</cmis:permission>
          <cmis:description>{http://www.alfresco.org/model/content/1.0}content.Editor</cmis:description>
        </cmis:permissions>
        <cmis:permissions>
          <cmis:permission>{http://www.alfresco.org/model/system/1.0}base.Write</cmis:permission>
          <cmis:description>{http://www.alfresco.org/model/system/1.0}base.Write</cmis:description>
        </cmis:permissions>
        <cmis:permissions>
          <cmis:permission>{http://www.alfresco.org/model/content/1.0}folder.Contributor</cmis:permission>
          <cmis:description>{http://www.alfresco.org/model/content/1.0}folder.Contributor</cmis:description>
        </cmis:permissions>
        <cmis:permissions>
          <cmis:permission>{http://www.alfresco.org/model/wcmmodel/1.0}avmplaincontent.ContentPublisher</cmis:permission>
          <cmis:description>{http://www.alfresco.org/model/wcmmodel/1.0}avmplaincontent.ContentPublisher</cmis:description>
        </cmis:permissions>
        <cmis:permissions>
          <cmis:permission>{http://www.alfresco.org/model/system/1.0}base.DeleteAssociations</cmis:permission>
          <cmis:description>{http://www.alfresco.org/model/system/1.0}base.DeleteAssociations</cmis:description>
        </cmis:permissions>
        <cmis:permissions>
          <cmis:permission>{http://www.alfresco.org/model/content/1.0}folder.Editor</cmis:permission>
          <cmis:description>{http://www.alfresco.org/model/content/1.0}folder.Editor</cmis:description>
        </cmis:permissions>
        <cmis:permissions>
          <cmis:permission>{http://www.alfresco.org/model/system/1.0}base.LinkChildren</cmis:permission>
          <cmis:description>{http://www.alfresco.org/model/system/1.0}base.LinkChildren</cmis:description>
        </cmis:permissions>
        <cmis:permissions>
          <cmis:permission>{http://www.alfresco.org/model/content/1.0}folder.Consumer</cmis:permission>
          <cmis:description>{http://www.alfresco.org/model/content/1.0}folder.Consumer</cmis:description>
        </cmis:permissions>
        <cmis:permissions>
          <cmis:permission>{http://www.alfresco.org/model/site/1.0}site.SiteContributor</cmis:permission>
          <cmis:description>{http://www.alfresco.org/model/site/1.0}site.SiteContributor</cmis:description>
        </cmis:permissions>
        <cmis:permissions>
          <cmis:permission>{http://www.alfresco.org/model/site/1.0}site.SiteConsumer</cmis:permission>
          <cmis:description>{http://www.alfresco.org/model/site/1.0}site.SiteConsumer</cmis:description>
        </cmis:permissions>
        <cmis:permissions>
          <cmis:permission>{http://www.alfresco.org/model/wcmmodel/1.0}avmcontent.ContentContributor</cmis:permission>
          <cmis:description>{http://www.alfresco.org/model/wcmmodel/1.0}avmcontent.ContentContributor</cmis:description>
        </cmis:permissions>
        <cmis:permissions>
          <cmis:permission>{http://www.alfresco.org/model/content/1.0}content.Collaborator</cmis:permission>
          <cmis:description>{http://www.alfresco.org/model/content/1.0}content.Collaborator</cmis:description>
        </cmis:permissions>
        <cmis:permissions>
          <cmis:permission>{http://www.alfresco.org/model/wcmappmodel/1.0}webfolder.ContentPublisher</cmis:permission>
          <cmis:description>{http://www.alfresco.org/model/wcmappmodel/1.0}webfolder.ContentPublisher</cmis:description>
        </cmis:permissions>
        <cmis:permissions>
          <cmis:permission>{http://www.alfresco.org/model/wcmmodel/1.0}avmplainfolder.ContentContributor</cmis:permission>
          <cmis:description>{http://www.alfresco.org/model/wcmmodel/1.0}avmplainfolder.ContentContributor</cmis:description>
        </cmis:permissions>
        <cmis:permissions>
          <cmis:permission>{http://www.alfresco.org/model/content/1.0}content.Coordinator</cmis:permission>
          <cmis:description>{http://www.alfresco.org/model/content/1.0}content.Coordinator</cmis:description>
        </cmis:permissions>
        <cmis:permissions>
          <cmis:permission>{http://www.alfresco.org/model/wcmmodel/1.0}avmlayeredcontent.ContentContributor</cmis:permission>
          <cmis:description>{http://www.alfresco.org/model/wcmmodel/1.0}avmlayeredcontent.ContentContributor</cmis:description>
        </cmis:permissions>
        <cmis:permissions>
          <cmis:permission>{http://www.alfresco.org/model/wcmmodel/1.0}avmlayeredcontent.ContentManager</cmis:permission>
          <cmis:description>{http://www.alfresco.org/model/wcmmodel/1.0}avmlayeredcontent.ContentManager</cmis:description>
        </cmis:permissions>
        <cmis:permissions>
          <cmis:permission>{http://www.alfresco.org/model/system/1.0}base.ReadProperties</cmis:permission>
          <cmis:description>{http://www.alfresco.org/model/system/1.0}base.ReadProperties</cmis:description>
        </cmis:permissions>
        <cmis:permissions>
          <cmis:permission>{http://www.alfresco.org/model/system/1.0}base.WriteProperties</cmis:permission>
          <cmis:description>{http://www.alfresco.org/model/system/1.0}base.WriteProperties</cmis:description>
        </cmis:permissions>
        <cmis:permissions>
          <cmis:permission>{http://www.alfresco.org/model/system/1.0}base.ReadAssociations</cmis:permission>
          <cmis:description>{http://www.alfresco.org/model/system/1.0}base.ReadAssociations</cmis:description>
        </cmis:permissions>
        <cmis:permissions>
          <cmis:permission>{http://www.alfresco.org/model/wcmappmodel/1.0}webfolder.ContentManager</cmis:permission>
          <cmis:description>{http://www.alfresco.org/model/wcmappmodel/1.0}webfolder.ContentManager</cmis:description>
        </cmis:permissions>
        <cmis:permissions>
          <cmis:permission>{http://www.alfresco.org/model/content/1.0}cmobject.Editor</cmis:permission>
          <cmis:description>{http://www.alfresco.org/model/content/1.0}cmobject.Editor</cmis:description>
        </cmis:permissions>
        <cmis:permissions>
          <cmis:permission>{http://www.alfresco.org/model/system/1.0}base.ChangePermissions</cmis:permission>
          <cmis:description>{http://www.alfresco.org/model/system/1.0}base.ChangePermissions</cmis:description>
        </cmis:permissions>
        <cmis:permissions>
          <cmis:permission>{http://www.alfresco.org/model/wcmmodel/1.0}avmlayeredcontent.ContentReviewer</cmis:permission>
          <cmis:description>{http://www.alfresco.org/model/wcmmodel/1.0}avmlayeredcontent.ContentReviewer</cmis:description>
        </cmis:permissions>
        <cmis:permissions>
          <cmis:permission>{http://www.alfresco.org/model/content/1.0}content.Consumer</cmis:permission>
          <cmis:description>{http://www.alfresco.org/model/content/1.0}content.Consumer</cmis:description>
        </cmis:permissions>
        <cmis:permissions>
          <cmis:permission>{http://www.alfresco.org/model/system/1.0}base.ReadChildren</cmis:permission>
          <cmis:description>{http://www.alfresco.org/model/system/1.0}base.ReadChildren</cmis:description>
        </cmis:permissions>
        <cmis:permissions>
          <cmis:permission>{http://www.alfresco.org/model/wcmmodel/1.0}avmcontent.ContentReviewer</cmis:permission>
          <cmis:description>{http://www.alfresco.org/model/wcmmodel/1.0}avmcontent.ContentReviewer</cmis:description>
        </cmis:permissions>
        <cmis:permissions>
          <cmis:permission>{http://www.alfresco.org/model/wcmmodel/1.0}avmfolder.ContentPublisher</cmis:permission>
          <cmis:description>{http://www.alfresco.org/model/wcmmodel/1.0}avmfolder.ContentPublisher</cmis:description>
        </cmis:permissions>
        <cmis:permissions>
          <cmis:permission>{http://www.alfresco.org/model/system/1.0}base.Read</cmis:permission>
          <cmis:description>{http://www.alfresco.org/model/system/1.0}base.Read</cmis:description>
        </cmis:permissions>
        <cmis:permissions>
          <cmis:permission>{http://www.alfresco.org/model/wcmmodel/1.0}avmlayeredfolder.ContentReviewer</cmis:permission>
          <cmis:description>{http://www.alfresco.org/model/wcmmodel/1.0}avmlayeredfolder.ContentReviewer</cmis:description>
        </cmis:permissions>
        <cmis:permissions>
          <cmis:permission>{http://www.alfresco.org/model/wcmmodel/1.0}avmplainfolder.ContentPublisher</cmis:permission>
          <cmis:description>{http://www.alfresco.org/model/wcmmodel/1.0}avmplainfolder.ContentPublisher</cmis:description>
        </cmis:permissions>
        <cmis:permissions>
          <cmis:permission>{http://www.alfresco.org/model/system/1.0}base.ReadPermissions</cmis:permission>
          <cmis:description>{http://www.alfresco.org/model/system/1.0}base.ReadPermissions</cmis:description>
        </cmis:permissions>
        <cmis:permissions>
          <cmis:permission>{http://www.alfresco.org/model/system/1.0}base.CreateChildren</cmis:permission>
          <cmis:description>{http://www.alfresco.org/model/system/1.0}base.CreateChildren</cmis:description>
        </cmis:permissions>
        <cmis:permissions>
          <cmis:permission>{http://www.alfresco.org/model/wcmmodel/1.0}avmlayeredfolder.ContentContributor</cmis:permission>
          <cmis:description>{http://www.alfresco.org/model/wcmmodel/1.0}avmlayeredfolder.ContentContributor</cmis:description>
        </cmis:permissions>
        <cmis:permissions>
          <cmis:permission>{http://www.alfresco.org/model/system/1.0}base.DeleteChildren</cmis:permission>
          <cmis:description>{http://www.alfresco.org/model/system/1.0}base.DeleteChildren</cmis:description>
        </cmis:permissions>
        <cmis:permissions>
          <cmis:permission>{http://www.alfresco.org/model/wcmmodel/1.0}avmfolder.ContentManager</cmis:permission>
          <cmis:description>{http://www.alfresco.org/model/wcmmodel/1.0}avmfolder.ContentManager</cmis:description>
        </cmis:permissions>
        <cmis:permissions>
          <cmis:permission>{http://www.alfresco.org/model/content/1.0}cmobject.Consumer</cmis:permission>
          <cmis:description>{http://www.alfresco.org/model/content/1.0}cmobject.Consumer</cmis:description>
        </cmis:permissions>
        <cmis:permissions>
          <cmis:permission>{http://www.alfresco.org/model/system/1.0}base.AddChildren</cmis:permission>
          <cmis:description>{http://www.alfresco.org/model/system/1.0}base.AddChildren</cmis:description>
        </cmis:permissions>
        <cmis:permissions>
          <cmis:permission>{http://www.alfresco.org/model/content/1.0}folder.Coordinator</cmis:permission>
          <cmis:description>{http://www.alfresco.org/model/content/1.0}folder.Coordinator</cmis:description>
        </cmis:permissions>
        <cmis:permissions>
          <cmis:permission>{http://www.alfresco.org/model/content/1.0}cmobject.Contributor</cmis:permission>
          <cmis:description>{http://www.alfresco.org/model/content/1.0}cmobject.Contributor</cmis:description>
        </cmis:permissions>
        <cmis:permissions>
          <cmis:permission>{http://www.alfresco.org/model/system/1.0}base.DeleteNode</cmis:permission>
          <cmis:description>{http://www.alfresco.org/model/system/1.0}base.DeleteNode</cmis:description>
        </cmis:permissions>
        <cmis:permissions>
          <cmis:permission>{http://www.alfresco.org/model/wcmmodel/1.0}avmplaincontent.ContentContributor</cmis:permission>
          <cmis:description>{http://www.alfresco.org/model/wcmmodel/1.0}avmplaincontent.ContentContributor</cmis:description>
        </cmis:permissions>
        <cmis:permissions>
          <cmis:permission>{http://www.alfresco.org/model/wcmmodel/1.0}avmfolder.ContentReviewer</cmis:permission>
          <cmis:description>{http://www.alfresco.org/model/wcmmodel/1.0}avmfolder.ContentReviewer</cmis:description>
        </cmis:permissions>
        <cmis:permissions>
          <cmis:permission>{http://www.alfresco.org/model/wcmappmodel/1.0}webfolder.ContentContributor</cmis:permission>
          <cmis:description>{http://www.alfresco.org/model/wcmappmodel/1.0}webfolder.ContentContributor</cmis:description>
        </cmis:permissions>
        <cmis:permissions>
          <cmis:permission>{http://www.alfresco.org/model/system/1.0}base.Flatten</cmis:permission>
          <cmis:description>{http://www.alfresco.org/model/system/1.0}base.Flatten</cmis:description>
        </cmis:permissions>
        <cmis:permissions>
          <cmis:permission>{http://www.alfresco.org/model/wcmmodel/1.0}avmplainfolder.ContentManager</cmis:permission>
          <cmis:description>{http://www.alfresco.org/model/wcmmodel/1.0}avmplainfolder.ContentManager</cmis:description>
        </cmis:permissions>
        <cmis:permissions>
          <cmis:permission>{http://www.alfresco.org/model/content/1.0}content.Contributor</cmis:permission>
          <cmis:description>{http://www.alfresco.org/model/content/1.0}content.Contributor</cmis:description>
        </cmis:permissions>
        <cmis:permissions>
          <cmis:permission>{http://www.alfresco.org/model/wcmmodel/1.0}avmplaincontent.ContentReviewer</cmis:permission>
          <cmis:description>{http://www.alfresco.org/model/wcmmodel/1.0}avmplaincontent.ContentReviewer</cmis:description>
        </cmis:permissions>
        <cmis:permissions>
          <cmis:permission>{http://www.alfresco.org/model/wcmmodel/1.0}avmcontent.ContentManager</cmis:permission>
          <cmis:description>{http://www.alfresco.org/model/wcmmodel/1.0}avmcontent.ContentManager</cmis:description>
        </cmis:permissions>
        <cmis:permissions>
          <cmis:permission>{http://www.alfresco.org/model/wcmmodel/1.0}avmplainfolder.ContentReviewer</cmis:permission>
          <cmis:description>{http://www.alfresco.org/model/wcmmodel/1.0}avmplainfolder.ContentReviewer</cmis:description>
        </cmis:permissions>
        <cmis:permissions>
          <cmis:permission>{http://www.alfresco.org/model/site/1.0}site.SiteCollaborator</cmis:permission>
          <cmis:description>{http://www.alfresco.org/model/site/1.0}site.SiteCollaborator</cmis:description>
        </cmis:permissions>
        <cmis:permissions>
          <cmis:permission>{http://www.alfresco.org/model/system/1.0}base.Delete</cmis:permission>
          <cmis:description>{http://www.alfresco.org/model/system/1.0}base.Delete</cmis:description>
        </cmis:permissions>
        <cmis:permissions>
          <cmis:permission>{http://www.alfresco.org/model/security/1.0}All.All</cmis:permission>
          <cmis:description>{http://www.alfresco.org/model/security/1.0}All.All</cmis:description>
        </cmis:permissions>
        <cmis:permissions>
          <cmis:permission>cmis:all</cmis:permission>
          <cmis:description>cmis:all</cmis:description>
        </cmis:permissions>
        <cmis:permissions>
          <cmis:permission>cmis:read</cmis:permission>
          <cmis:description>cmis:read</cmis:description>
        </cmis:permissions>
        <cmis:permissions>
          <cmis:permission>cmis:write</cmis:permission>
          <cmis:description>cmis:write</cmis:description>
        </cmis:permissions>
        <cmis:mapping>
          <cmis:key>canGetDescendents.Folder</cmis:key>
          <cmis:permission>cmis:read</cmis:permission>
          <cmis:permission>{http://www.alfresco.org/model/system/1.0}base.ReadChildren</cmis:permission>
        </cmis:mapping>        
        <cmis:mapping>
          <cmis:key>canGetChildren.Folder</cmis:key>
          <cmis:permission>cmis:read</cmis:permission>
          <cmis:permission>{http://www.alfresco.org/model/system/1.0}base.ReadChildren</cmis:permission>
        </cmis:mapping>        
        <cmis:mapping>
          <cmis:key>canGetParents.Folder</cmis:key>
          <cmis:permission>cmis:read</cmis:permission>
          <cmis:permission>{http://www.alfresco.org/model/system/1.0}base.ReadProperties</cmis:permission>
        </cmis:mapping>        
        <cmis:mapping>
          <cmis:key>canGetFolderParent.Object</cmis:key>
          <cmis:permission>cmis:read</cmis:permission>
          <cmis:permission>{http://www.alfresco.org/model/system/1.0}base.ReadProperties</cmis:permission>
        </cmis:mapping>        
        <cmis:mapping>
          <cmis:key>canCreateDocument.Folder</cmis:key>
          <cmis:permission>cmis:all</cmis:permission>
          <cmis:permission>{http://www.alfresco.org/model/system/1.0}base.CreateChildren</cmis:permission>
        </cmis:mapping>        
        <cmis:mapping>
          <cmis:key>canCreateFolder.Folder</cmis:key>
          <cmis:permission>cmis:all</cmis:permission>
          <cmis:permission>{http://www.alfresco.org/model/system/1.0}base.CreateChildren</cmis:permission>
        </cmis:mapping>        
        <cmis:mapping>
          <cmis:key>canGetProperties.Object</cmis:key>
          <cmis:permission>cmis:read</cmis:permission>
          <cmis:permission>{http://www.alfresco.org/model/system/1.0}base.ReadProperties</cmis:permission>
        </cmis:mapping>        
        <cmis:mapping>
          <cmis:key>canViewContent.Object</cmis:key>
          <cmis:permission>cmis:read</cmis:permission>
          <cmis:permission>{http://www.alfresco.org/model/system/1.0}base.ReadContent</cmis:permission>
        </cmis:mapping>        
        <cmis:mapping>
          <cmis:key>canUpdateProperties.Object</cmis:key>
          <cmis:permission>cmis:write</cmis:permission>
          <cmis:permission>{http://www.alfresco.org/model/system/1.0}base.WriteProperties</cmis:permission>
        </cmis:mapping>        
        <cmis:mapping>
          <cmis:key>canMove.Object</cmis:key>
          <cmis:permission>cmis:all</cmis:permission>
          <cmis:permission>{http://www.alfresco.org/model/system/1.0}base.DeleteNode</cmis:permission>
        </cmis:mapping>        
        <cmis:mapping>
          <cmis:key>canMove.Target</cmis:key>
          <cmis:permission>cmis:all</cmis:permission>
          <cmis:permission>{http://www.alfresco.org/model/system/1.0}base.CreateChildren</cmis:permission>
        </cmis:mapping>        
        <cmis:mapping>
          <cmis:key>canDelete.Object</cmis:key>
          <cmis:permission>cmis:all</cmis:permission>
          <cmis:permission>{http://www.alfresco.org/model/system/1.0}base.DeleteNode</cmis:permission>
        </cmis:mapping>        
        <cmis:mapping>
          <cmis:key>canSetContent.Document</cmis:key>
          <cmis:permission>cmis:write</cmis:permission>
          <cmis:permission>{http://www.alfresco.org/model/system/1.0}base.WriteContent</cmis:permission>
        </cmis:mapping>        
        <cmis:mapping>
          <cmis:key>canDeleteContent.Document</cmis:key>
          <cmis:permission>cmis:write</cmis:permission>
          <cmis:permission>{http://www.alfresco.org/model/system/1.0}base.WriteContent</cmis:permission>
        </cmis:mapping>        
        <cmis:mapping>
          <cmis:key>canDeleteTree.Folder</cmis:key>
          <cmis:permission>cmis:all</cmis:permission>
          <cmis:permission>{http://www.alfresco.org/model/system/1.0}base.DeleteNode</cmis:permission>
        </cmis:mapping>        
        <cmis:mapping>
          <cmis:key>canAddToFolder.Object</cmis:key>
          <cmis:permission>cmis:read</cmis:permission>
          <cmis:permission>{http://www.alfresco.org/model/system/1.0}base.ReadProperties</cmis:permission>
        </cmis:mapping>        
        <cmis:mapping>
          <cmis:key>canAddToFolder.Folder</cmis:key>
          <cmis:permission>cmis:all</cmis:permission>
          <cmis:permission>{http://www.alfresco.org/model/system/1.0}base.CreateChildren</cmis:permission>
        </cmis:mapping>        
        <cmis:mapping>
          <cmis:key>canRemoveFromFolder.Object</cmis:key>
          <cmis:permission>cmis:all</cmis:permission>
          <cmis:permission>{http://www.alfresco.org/model/system/1.0}base.DeleteNode</cmis:permission>
        </cmis:mapping>        
        <cmis:mapping>
          <cmis:key>canCheckout.Document</cmis:key>
          <cmis:permission>cmis:all</cmis:permission>
          <cmis:permission>{http://www.alfresco.org/model/content/1.0}lockable.CheckOut</cmis:permission>
        </cmis:mapping>        
        <cmis:mapping>
          <cmis:key>canCancelCheckout.Document</cmis:key>
          <cmis:permission>cmis:all</cmis:permission>
          <cmis:permission>{http://www.alfresco.org/model/content/1.0}lockable.CancelCheckOut</cmis:permission>
        </cmis:mapping>        
        <cmis:mapping>
          <cmis:key>canCheckin.Document</cmis:key>
          <cmis:permission>cmis:all</cmis:permission>
          <cmis:permission>{http://www.alfresco.org/model/content/1.0}lockable.CheckIn</cmis:permission>
        </cmis:mapping>        
        <cmis:mapping>
          <cmis:key>canGetAllVersions.VersionSeries</cmis:key>
          <cmis:permission>cmis:read</cmis:permission>
          <cmis:permission>{http://www.alfresco.org/model/system/1.0}base.Read</cmis:permission>
        </cmis:mapping>        
        <cmis:mapping>
          <cmis:key>canAddPolicy.Object</cmis:key>
          <cmis:permission>cmis:write</cmis:permission>
          <cmis:permission>{http://www.alfresco.org/model/system/1.0}base.Write</cmis:permission>
        </cmis:mapping>        
        <cmis:mapping>
          <cmis:key>canAddPolicy.Policy</cmis:key>
          <cmis:permission>cmis:read</cmis:permission>
        </cmis:mapping>        
        <cmis:mapping>
          <cmis:key>canRemovePolicy.Object</cmis:key>
          <cmis:permission>cmis:write</cmis:permission>
          <cmis:permission>{http://www.alfresco.org/model/system/1.0}base.Write</cmis:permission>
        </cmis:mapping>        
        <cmis:mapping>
          <cmis:key>canRemovePolicy.Policy</cmis:key>
          <cmis:permission>cmis:read</cmis:permission>
        </cmis:mapping>        
        <cmis:mapping>
          <cmis:key>canGetAppliedPolicies.Object</cmis:key>
          <cmis:permission>cmis:read</cmis:permission>
          <cmis:permission>{http://www.alfresco.org/model/system/1.0}base.ReadProperties</cmis:permission>
        </cmis:mapping>        
        <cmis:mapping>
          <cmis:key>canGetACL.Object</cmis:key>
          <cmis:permission>cmis:all</cmis:permission>
          <cmis:permission>{http://www.alfresco.org/model/system/1.0}base.ReadPermissions</cmis:permission>
        </cmis:mapping>        
        <cmis:mapping>
          <cmis:key>canApplyACL.Object</cmis:key>
          <cmis:permission>cmis:all</cmis:permission>
          <cmis:permission>{http://www.alfresco.org/model/system/1.0}base.ChangePermissions</cmis:permission>
        </cmis:mapping>        
      </cmis:aclCapability>
      <cmis:cmisVersionSupported>1.0</cmis:cmisVersionSupported>
      <cmis:changesIncomplete>true</cmis:changesIncomplete>
      <cmis:changesOnType>cmis:folder</cmis:changesOnType>
      <cmis:changesOnType>cmis:document</cmis:changesOnType>
      <cmis:principalAnonymous>guest</cmis:principalAnonymous>
      <cmis:principalAnyone>GROUP_EVERYONE</cmis:principalAnyone>
      <alf:cmisSpecificationTitle>Version 1.0 Committee Draft 07</alf:cmisSpecificationTitle>
    </cmisra:repositoryInfo>

    <cmisra:uritemplate>
        <cmisra:template>http://localhost:8080/alfresco/service/cmis/arg/n?noderef={id}&amp;filter={filter}&amp;includeAllowableActions={includeAllowableActions}&amp;includePolicyIds={includePolicyIds}&amp;includeRelationships={includeRelationships}&amp;includeACL={includeACL}&amp;renditionFilter={renditionFilter}</cmisra:template>
        <cmisra:type>objectbyid</cmisra:type>
        <cmisra:mediatype>application/atom+xml;type=entry</cmisra:mediatype>
    </cmisra:uritemplate>
    <cmisra:uritemplate>
        <cmisra:template>http://localhost:8080/alfresco/service/cmis/s/workspace:SpacesStore/arg/p?path={path}&amp;filter={filter}&amp;includeAllowableActions={includeAllowableActions}&amp;includePolicyIds={includePolicyIds}&amp;includeRelationships={includeRelationships}&amp;includeACL={includeACL}&amp;renditionFilter={renditionFilter}</cmisra:template>
        <cmisra:type>objectbypath</cmisra:type>
        <cmisra:mediatype>application/atom+xml;type=entry</cmisra:mediatype>
    </cmisra:uritemplate>
    <cmisra:uritemplate>
        <cmisra:template>http://localhost:8080/alfresco/service/cmis/type/{id}</cmisra:template>
        <cmisra:type>typebyid</cmisra:type>
        <cmisra:mediatype>application/atom+xml;type=entry</cmisra:mediatype>
    </cmisra:uritemplate>
    <cmisra:uritemplate>
        <cmisra:template>http://localhost:8080/alfresco/service/cmis/query?q={q}&amp;searchAllVersions={searchAllVersions}&amp;maxItems={maxItems}&amp;skipCount={skipCount}&amp;includeAllowableActions={includeAllowableActions}&amp;includeRelationships={includeRelationships}</cmisra:template>
        <cmisra:type>query</cmisra:type>
        <cmisra:mediatype>application/atom+xml;type=feed</cmisra:mediatype>
    </cmisra:uritemplate>

  </workspace> 
</service> 
