<ui:UiBinder xmlns:ui='urn:ui:com.google.gwt.uibinder'
	xmlns:g='urn:import:com.google.gwt.user.client.ui'>

	<ui:style>
    	.wide { width:98%; height:96%; margin:auto;}
  	</ui:style>

	<g:DockLayoutPanel unit='EM'>
		<g:north size='3'>
			<g:HTML><h1>CMIS Wiki</h1></g:HTML>
		</g:north>
		<g:north size='3'>
			<g:HTML><h2><span ui:field="pageName" /></h2></g:HTML>
		</g:north>
		<g:center>
			<g:TabLayoutPanel barUnit='PX' barHeight='20' ui:field="tabs">
				<g:tab>
					<g:header size='7'>View</g:header>
					<g:HTML>
						<span ui:field="pageText" />
					</g:HTML>
				</g:tab>
				<g:tab>
					<g:header size='7'>Edit</g:header>
					<g:DockLayoutPanel unit='EM'  addStyleNames="{style.wide}">
						<g:center>
							<g:TextArea addStyleNames="{style.wide}" ui:field="editor"/>
						</g:center>
						<g:south size='4'>
							<g:HorizontalPanel>
								<g:Button ui:field="saveButton">Save</g:Button>
								<g:FormPanel ui:field="uploadForm">
									<g:HTMLPanel>
										<g:FileUpload ui:field="fileUpload" />
										<g:Button ui:field="uploadButton">Upload</g:Button>
									</g:HTMLPanel>
								</g:FormPanel>
							</g:HorizontalPanel>
						</g:south>
					</g:DockLayoutPanel>
				</g:tab>
				<g:tab>
					<g:header size='7'>Search</g:header>
					<g:HTMLPanel>
		    			<g:FlexTable ui:field="searchResultsTable" />
		    		</g:HTMLPanel>
				</g:tab>			 
			</g:TabLayoutPanel>
		</g:center>
		<g:south size='3'>
			<g:HorizontalPanel>
				<g:TextBox ui:field="searchBox"/>
				<g:Button ui:field="searchButton">Search</g:Button>
			</g:HorizontalPanel>
		</g:south>
	</g:DockLayoutPanel>

</ui:UiBinder>
